ean number,item description,brand,result_title,result_link,result_snippet,images,images_count,matching_score,prod_product_name,prod_price,prod_brand,prod_ean_code,prod_description,prod_product_image_urls
8711000429969,Heineken Beer 24x33cl,Heineken,Coffee Capsules delivery from Hemköp Masthuggstorget Express in ...,https://www.foodora.se/en/shop/fun1/hemkop-masthuggstorget-express/category/9ad82240-103c-41a0-90f1-abe71899322b,"), products or more detailed information? Contact the vendor ... Shop Falun | 7-Eleven Kungsgatan 9 | Kandy'z Östersund | Nattöppet Snacks ...",https://foodora.dhmedia.io/image/product-information-management/670fb727e5daaa147d3865be.jpg?height=176,1,0.0,Hemköp Masthuggstorget Express,"5,89 kr/capsule",,,Total 0 Your cart Start adding items to your cart Subtotal 0 kr Total 0 kr Total(incl. fees and tax) See summary 0 kr Go to checkout,https://foodora.dhmedia.io/image/darsktores-se/8711000494615.png?height=176|https://foodora.dhmedia.io/image/darsktores-se/8711000379660.png?height=176|https://foodora.dhmedia.io/image/darsktores-cz/Products/8711000360583.jpg?height=176|https://foodora.dhmedia.io/image/darkstores/darkstores/se/ds/catalog/8711000504956.png?height=176|https://foodora.dhmedia.io/image/product-information-management/67d7f7e67d7b8111efe36086.png?height=176|https://foodora.dhmedia.io/image/product-information-management/67d7f7e77d7b8111efe36088.png?height=176|https://foodora.dhmedia.io/image/darsktores-se/8000070053540.png?height=176|https://foodora.dhmedia.io/image/product-information-management/670fb727e5daaa147d3865be.jpg?height=176|https://foodora.dhmedia.io/image/product-information-management/691602f3e45db6d5c09e5b9c.jpg?height=176|https://foodora.dhmedia.io/image/fd-op/Zimply/08711000543153.png?height=176|https://foodora.dhmedia.io/image/fd-hu/Products/8711000429969.jpg?height=176|https://foodora.dhmedia.io/image/darsktores-se/8711000379646.png?height=176|https://foodora.dhmedia.io/image/product-information-management/67d7f7e97d7b8111efe3608a.png?height=176|https://foodora.dhmedia.io/image/fd-op/Zimply/08000070071612.png?height=176|https://foodora.dhmedia.io/image/darsktores-se/8000070053472.png?height=176|https://foodora.dhmedia.io/image/darsktores-se/8711000360521.png?height=176
8711000429969,Heineken Beer 24x33cl,Heineken,L Or Caps India Karnataka 52Gm,https://ebaqala.com/en/kuwait-indian-grocery/groceries/26271/l_or_caps_india_karnataka_52gm.html,L Or Caps India Karnataka 52Gm. Reference 26271. EAN13 8711000429969. L Or Caps ... shopping experience for our valued customers. Founded on the ...,https://ebaqala.com/6292-large_default/l_or_caps_india_karnataka_52gm.jpg,1,0.8,L Or Caps India Karnataka 52Gm,1.825 KD No tax,"Founded on the principles of quality and customer service, Al-Hakimi Supermarket (Al-Hakimi) has been retailing food stuff, spices and household products since 2007. Our brands, Burhan and Royal Choice have established our prominent position in the Kuwait food industry.",,L Or Caps are high-quality products used in electronics and other industries. This pack weighs 52 grams and contains the finest materials.,https://ebaqala.com/img/l/1.jpg
4012824723641,Dr. Oetker Pizza Ristorante,Dr. Oetker,Yogi Tea Christmas calendar 2024 bio 1 Stuks Kopen ...,https://www.gezonderwinkelen.nl/yogi-tea-christmas-calendar-2024-bio-1-stuks,... product photo. 4012824723641. Ga naar het begin van de afbeeldingen-gallerij. Yogi Tea Christmas calendar 2024 bio 1 Stuks. Artikelnummer. 4012824723641.,https://www.gezonderwinkelen.nl/media/logo/default/logo.png|https://www.gezonderwinkelen.nl/media/catalog/product/cache/2cf6dae8f591988a91d5548a0f3ace36/4/0/4012824723641_1.jpg,2,0.8,404 - Pagina niet gevonden,Ga naar de inhoud,Ga naar de inhoud,,Vitamines van Gezonderwinkelen.nl,https://www.gezonderwinkelen.nl/media/.renditions/wysiwyg/hero_image.jpg|https://www.gezonderwinkelen.nl/media/.renditions/wysiwyg/vitalize_pharmox.png|https://www.gezonderwinkelen.nl/media/.renditions/wysiwyg/aanbiedersmedicijnen.png|https://www.gezonderwinkelen.nl/media/.renditions/wysiwyg/new_care_supplements.png|https://www.gezonderwinkelen.nl/media/.renditions/wysiwyg/kiyoh_webshop_keurmerk.png
8711000429969,Heineken Beer 24x33cl,Heineken,"Кафе капсули L'OR Espresso India, Интензитет 10, 10 напитки х ...",https://www.emag.bg/kafe-kapsuli-l-or-espresso-india-intenzitet-10-10-napitki-h-40-ml-syvmestimi-sys-sistemata-nespressor-10-aluminievi-kapsuli-8711000429969/pd/D1MQ2BMBM/,Код на продукта: 8711000429969. Подобни продукти. WOW оферта. WOW оферта ... Product image. Автоматично преведено ревю. Добави коментар. Публикувай Откажи,https://s13emagst.akamaized.net/products/28772/28771433/images/res_c5985451058419982658f79ae257bf05.jpg?width=450&height=450&hash=F25AC54FF4559D897073433B640181DC,1,0.8,,,,,,https://s13emagst.akamaized.net/as/l.svg
4012824723641,Dr. Oetker Pizza Ristorante,Dr. Oetker,Calendrier de l'Avent 2025 - 24 sachets de thé - Pharmacie en ligne ...,https://www.pharmaciepolygone.com/fr/products/yogi-tea-calendrier-de-l-avent-24-sachets-de-the,"Calendrier de l'Avent 2025 - 24 sachets de thé. Référence 4012824723641. 11,82 € 13,90 €. -. +. Ajouter au panier. Yogi Tea Calendrier de l'Avent 2025 24 ...",https://www.pharmaciepolygone.com/media/cache/original/6e/df/cb624932a91cf8a55b94ce5c7617.webp,1,0.8,Calendrier de l'Avent 2025 - 24 sachets de thé,"11,82 € 13,90 € - + Ajouter au panier",Yogi Tea,,Yogi Tea Calendrier de l'Avent 2025 24 sachets de thé et infusion,https://www.pharmaciepolygone.com/media/image/6e/df/cb624932a91cf8a55b94ce5c7617.webp|https://www.pharmaciepolygone.com/media/cache/sylius_shop_product_large_thumbnail/6e/df/cb624932a91cf8a55b94ce5c7617.webp|https://www.pharmaciepolygone.com/media/cache/sylius_shop_product_small_thumbnail/6e/df/cb624932a91cf8a55b94ce5c7617.webp|https://www.pharmaciepolygone.com/media/cache/sylius_shop_product_small_thumbnail/e7/ed/3a80f41df6a71a1216fb92185256.webp|https://www.pharmaciepolygone.com/media/cache/sylius_shop_product_thumbnail/7e/04/d9d890d29ac31e50050e203048a3.webp
8711000429969,Heineken Beer 24x33cl,Heineken,"Capsule cafea, L'OR Espresso India, intensitate 10, 10 bauturi x 40 ...",https://www.emag.ro/capsule-cafea-l-or-espresso-india-intensitate-10-10-bauturi-x-40-ml-compatibile-cu-sistemul-nespressor-10-capsule-aluminiu-8711000429969/pd/D1MQ2BMBM/,"Cod produs: 8711000429969. Capsule cafea, L'OR Espresso India ... Product image. Vera. Product image. Catalin. Product image. Mihaela Pop. Product ...",https://s13emagst.akamaized.net/products/28772/28771433/images/res_c5985451058419982658f79ae257bf05.jpg?width=450&height=450&hash=F25AC54FF4559D897073433B640181DC,1,0.8,,,,,,https://s13emagst.akamaized.net/as/l.svg
8711000429969,Heineken Beer 24x33cl,Heineken,Kapsułki do Nespresso L'OR Espresso India Karnataka 10 szt ...,https://www.konesso.pl/product-pol-13622-Kapsulki-do-Nespresso-LOR-Espresso-India-Karnataka-10-szt.html,1000 Hills Products ... Kapsułki do Nespresso L'OR Espresso India Karnataka 10 szt. 5.00 / 5 ( 4 opinie ). JACOBS DOUWE EGBERTS. Kod towaru: 8711000429969. ID ...,https://www.konesso.pl/hpeciai/a572a03b8b64d742804e72c9c87fd003/pol_pl_Kapsulki-do-Nespresso-LOR-Espresso-India-Karnataka-10-szt-13622_2.jpg,1,0.8,Kapsułki do Nespresso L'OR Espresso India Karnataka 10 szt.,16.99zł,JACOBS DOUWE EGBERTS,Szukaj,"Funkcjonalne pliki cookie są niezbędne dla prawidłowego funkcjonowania strony internetowej i służą do zapamiętywania np. sesji logowania, preferencji językowych, wypełniania formularzy, wybranej opcji prywatności. Możesz je zablokować w przeglądarce, ale wtedy niektóre części witryny mogą nie działać prawidłowo.",/hpeciai/a572a03b8b64d742804e72c9c87fd003/pol_pm_Kapsulki-do-Nespresso-LOR-Espresso-India-Karnataka-10-szt-13622_2.jpg|/data/include/cms/aktualnosci/Kampanie-reklamowe-2022/Outlet/Outlet.png|/data/include/cms/banery/tymczasowe/twisto5.png?v=1612812139210|/panel/gfx/payforms/imoje.png|/data/lang/pol/payforms/gfx/203.png|/data/include/cms/gfx-konesso-v1/twisto.png
4012824723641,Dr. Oetker Pizza Ristorante,Dr. Oetker,"Yogi Tea®, Yogi Tea GmbH Yogi Tea® Adventskalender Bio ...",https://www.bioliebe.shop/de/p/yogi-tea-yogi-tea-gmbh-yogi-tea-adventskalender-bio-4012824723641.html,"product-image. Yogi Tea®, Yogi Tea GmbH Yogi Tea® Lebensfreude Bio. Statt 3 ... 4012824723641. PZN. 13416498. Vollständiges Datenblatt (PDF). Hier klicken um ...",https://data.bioliebe.shop/products/big/artikel-4012824723641-688532.webp,1,0.8,"Yogi Tea®, Yogi Tea GmbH Yogi Tea® Adventskalender Bio","Statt 3,39 € für 3,19 € (110,78 € / 1 KG)",Lebensmittel,,Produktdetails,https://data.bioliebe.shop/products/small/artikel-4012824402171-411100.webp|https://data.bioliebe.shop/products/small/artikel-4012824404328-482900.webp|https://data.bioliebe.shop/products/small/artikel-8717853494727-475841.webp|https://data.bioliebe.shop/products/small/artikel-4012824401921-485100.webp|https://data.bioliebe.shop/products/small/artikel-4012824406285-483700.webp|https://data.bioliebe.shop/products/small/artikel-4012824400061-410100.webp|https://data.bioliebe.shop/products/small/artikel-4012824402225-482300.webp|https://data.bioliebe.shop/products/small/artikel-4012824404229-490107.webp|https://data.bioliebe.shop/products/small/artikel-4012824401594-481600.webp|https://data.bioliebe.shop/products/small/artikel-4012824404243-482800.webp|https://data.bioliebe.shop/products/small/artikel-4012824400504-420000.webp|https://data.bioliebe.shop/products/small/artikel-4012824400214-410500.webp
4012824723641,Dr. Oetker Pizza Ristorante,Dr. Oetker,YOGI TEA Calendrier De L'Avent - Pharmacie Cap3000,https://www.pharmacie-cap3000.com/nature-bien-etre/171489-yogi-tea-calendrier-de-l-avent-2024-4012824723641.html,YOGI TEA Calendrier De L'Avent. Réf : 4012824723641. 0 AVIS. 12.90€. Yogi Tea Calendrier en thé biologique. 24 sachets de thé. Savourez un mélange de thés aux ...,https://www.pharmacie-cap3000.com/167844-large_default/yogi-tea-calendrier-de-l-avent-2024.jpg,1,0.8,YOGI TEA Calendrier De L'Avent,0 - 50 € 50 - 100 € 100 - 200 € 200 € +,"Nous prenons soin de vous. #panserautrement A propos Conseils FAQ Livr/Click&Co Filtres AFFINEZ VOTRE RECHERCHE Réinitialiser Promotions Best-sellers Nouveautés Catégories 1er âge15 2ème âge24 A compléter83 Accessoires19Voir plus Marques KORRES235 PRANAROM217 ARKOPHARMA202 PURESSENTIEL194Voir plus Prix 0€ 995€ 0 497 995 0 - 50 € 50 - 100 € 100 - 200 € 200 € + à Appliquer Effacer les filtres Voir les produits Produits PertinencePrix (croissant)Prix (décroissant)PromotionsBest-SellersNouveautés Filtrer Produits Filtres actifs: Aucun filtre actif  Dans votre panier ! ARKOPHARMA ARKOPHARMA ARKOGELULES PISSENLIT BIO GELULES 45 6.99€ 0  Dans votre panier ! COOPER Sedermyl 0,75% crème 35g 4.49€  Dans votre panier ! UPSA UPSA Vitamine c 20 comprimés effervescents 1000mg 3.99€  Dans votre panier ! BAYER Rennie 48 comprimés menthe 6.5€  Dans votre panier ! NOGUES NOGUES NAUSICALM SIROP 150ML 4.99€  Dans votre panier ! UPSA UPSA Vitamine c 500mg 30 comprimés à croquer orange 3.99€  Dans votre panier ! BAYER Rennie sans sucre 36 comprimés à croquer 5.95€  Dans votre panier ! BAYER Rennie sans sucre 60 comprimés à croquer 7.5€  Dans votre panier ! BAYER Rennie deflatine sans sucre 18 comprimés à croquer au sorbitol 5.99€  Dans votre panier ! FERVEX Fervex état grippal sans sucre granulé pour solution buvable en 8 sachets 5.3€  Dans votre panier ! NOGUES Nausicalm adultes 50mg 14 gélules 4.99€  Dans votre panier ! SANOFI Maalox maux d'estomac 40 comprimés à croquer 6.99€  Dans votre panier ! SANOFI SANOFI MAALOX MAUX D'ESTOMAC SANS SUCRE COMPRIMES A CROQUER GOUT CITRON 40 6.99€  Dans votre panier ! ZAMBON FRANCE ZAMBON FRANCE FLUIMUCIL 2% ADULTES SOLUTION BUVABLE 200ML 4.99€  Dans votre panier ! SANOFI SANOFI MAALOX REMONTEES ACIDES & BRULURES D'ESTOMAC 12 SACHETS SUSPENSION BUVABLE 7.49€  Dans votre panier ! COOPER Clarix expectorant carbocisteine 5% adultes sans sucre 250ml 3.9€  Dans votre panier ! COOPER Cortisedermyl 0.5% crème 15g 3.99€  Dans votre panier ! CEPHALON FRANCE Vogalib 7.5mg sans sucre lyophilisat oral édulcoré à l'aspartam 8 lyophilisats 6.99€  Dans votre panier ! BAILLEUL Minoxidill bailleul 2% solution pour application cutanée 3x60ml 10.95€  Dans votre panier ! PIERRE FABRE Alopexy 2% solution pour application cutanee 3x60ml 10.99€  Dans votre panier ! JOHNSON & JOHNSON Imodiumlingual 2mg 10 lyophilisats oraux 6.99€  Dans votre panier ! BAYER Rennie orange 36 comprimés à croquer 5.99€  Dans votre panier ! HUMEX Humex allergie cetrizine 10mg 7 comprimés pelliculés sécables 3.99€  Dans votre panier ! NOVARTIS NOVARTIS Lamisilate monodose 1% solution pour application cutanée tube 4g 13.99€  Dans votre panier ! JOHNSON & JOHNSON Imodiumcaps 2mg 12 gélules 4.75€  Dans votre panier ! MAYOLY SPINDLER Perubore inhalation capsule pour inhalation par vapeur 4.99€  Dans votre panier ! DODIE DODIE TET RONDE 0-6M LARG 3VIT DEB1 SILIC 6.2€ 0  Dans votre panier ! DODIE SUC ANAT SILIC +6M A36 DUO N REVE 6.95€ 0  Dans votre panier ! DODIE Biberon Initiation+ Debit 3 Anti-colique 6 Mois Et Plus 330ml Dodie BLEU 8.45€ 0  Dans votre panier ! DODIE Dodie sucette anatomique 0-6 mois silicone 2 sucettes 6.95€ 0 Produits recommandés pour vous Nous n'avons pas trouvé de résultats correspondant à votre recherche, mais voici nos meilleures ventes qui pourraient vous intéresser BEST-SELLER  Dans votre panier ! GUIGOZ GUIGOZ EXPERT AR LAIT EN POUDRE 800G 18.95€ 0 PROMO BEST-SELLER  Dans votre panier ! OSATO Osato immun'âge maxi 60 sachets 75.9€ 72.9€ 0 BEST-SELLER  Dans votre panier ! INAVA Sensibilite Brosse A Dents Inava 4.75€ 0 BEST-SELLER  Dans votre panier ! BOTOT Eau De Bouche Concentree 150ml Botot 7.99€ 0 BEST-SELLER  Dans votre panier ! MERIDOL Brosse A Dents Chirurgicale Extra Souple Meridol 3.99€ 0 PROMO BEST-SELLER  Dans votre panier ! PILEJE Pileje Lactibiane Référence 30 Gélules 21.5€ 19.5€ 0 PROMO BEST-SELLER  Dans votre panier ! BIODERMA Bioderma atoderm gel douche 1l 10.99€ 8.99€ 0 BEST-SELLER  Dans votre panier ! INELDEA Omega 3 Sirop Gout Citron Cola 125 ml Pediakid 8.49€ 0 BEST-SELLER  Dans votre panier ! AKILEINE Akileine crème nutri réparatrice pieds secs 75ml 6.89€ 0 PROMO BEST-SELLER  Dans votre panier ! SAUGELLA Nettoyant Doux 500ml Poligyn Muqueuses Fragiles Ou Assechees Saugella 9.99€ 8.99€ 0 BEST-SELLER  Dans votre panier ! UPSA UPSA Citrate de betaine citron 2g sans sucre 20 comprimés effervescants 4.25€ 0 BEST-SELLER  Dans votre panier ! AVENE AVENE CICALFATE CREME REPARATRICE PEAUX SENSIBLES ET IRRITEES 40ML 7.99€ 0 BEST-SELLER  Dans votre panier ! GIFRER Bicare plus 60 ml 4.99€ 0 PROMO BEST-SELLER  Dans votre panier ! URIAGE Gel Douche Surgras Dermatologique Peaux Sensibles 1l Hygiène Uriage 10.9€ 6.9€ 0 PROMO BEST-SELLER  Dans votre panier ! NOVALAC Novalac lait croissance 3ème âge 1 à 3 ans 800g 9.9€ 9€ 0 BEST-SELLER  Dans votre panier ! NAT & FORM Magnésium Marin + Vitamine B6 40 Gélules Végétales Fatigue, Nervosité Nat&Form 4.99€ 0 BEST-SELLER  Dans votre panier ! AVENE Avène solaire ip50+ emulsion 50ml 12.99€ 0 BEST-SELLER  Dans votre panier ! PEDIAKID 22 Vitamines & Oligo-elements Sirop Orange Abricot 125ml Pediakid 8.49€ 0 BEST-SELLER  Dans votre panier ! MELVITA Melvita déodorant purifiant efficacité 24h 50 ml 7.99€ 0 BEST-SELLER  Dans votre panier ! GRANIONS GRANIONS DUO CONCEPTIO HOMME & FEMME 30 capsules & 30 gélules + 90 capsules & 30 sachets 27.99€ 0 BEST-SELLER  Dans votre panier ! BAYER Bayer Euphytose Troubles Du Sommeil 120 Comprimés 7.99€ 0 PROMO BEST-SELLER  Dans votre panier ! E-SCIENCES E-SCIENCES CARTILAMINE CHONDRO ARTICULATION 60 tablettes 17.99€ 15.99€ 0 BEST-SELLER  Dans votre panier ! CAUDALIE Caudalie Vinosculpt Concentré Minceur 75Ml 19.9€ 0 BEST-SELLER  Dans votre panier ! COOPER Chlorure de magnésium sachet de 20g 1.9€ 0 BEST-SELLER  Dans votre panier ! LA ROCHE-POSAY Demaquillant Yeux Waterproof Respectissime 125ml Respectissime La Roche-Posay 14.99€ 0 BEST-SELLER  Dans votre panier ! NUTRISANTE Vitamine C + Ginseng 24 Comprimes A Croquer Nutrisante 3.49€ 0 PROMO BEST-SELLER  Dans votre panier ! URIAGE Huile Lavante Apaisante 1l Xemose Peaux Tres Seches Et Atopiques Uriage 15.9€ 12.9€ 0 BEST-SELLER  Dans votre panier ! ALVADIEM ALVADIEM ONGUENT REPARATEUR 50ML 10.49€ 0 BEST-SELLER  Dans votre panier ! URIAGE Eau Thermale Spray 150ml Eau Thermale d'Uriage Uriage 4.49€ 0 BEST-SELLER  Dans votre panier ! BAYER Claradol caféine 500mg 16 comprimés 2.48€ 0 « ‹ 1 2 3 4 5 › » 0 Aucun produit À définir Récupération 0€ Total Commander Produit ajouté au panier avec succès Quantité Total Il y a 0 produits dans votre panier. Il y a 1 produit dans votre panier. Total produits TTC Frais de port TTC À définir Total TTC Continuer mes achats Commander Select Language▼ FR",,"Yogi Tea Calendrier en thé biologique. 24 sachets de thé. Savourez un mélange de thés aux herbes, aux épices et aux fruits. Le calendrier a un design de Noël pour la période précédant Noël. Les thés en un coup d'œil: 1. Thé de Noël (mélange d'herbes et d'épices) 2. Classique (mélange de thés aux épices) 3. Gingembre citron (mélange d'herbes, d'épices et de fruits)¹ 4. Réglisse (mélange de thé aux épices)¹ 5. Joie de Vivre (mélange d'herbes et d'épices) 6. Chai au curcuma (mélange de thé aux herbes et aux épices) 7. Menthe citronnée (mélange d'herbes, d'épices et de fruits)¹ 8. Thé de la chance (mélange d'herbes et d'épices) 9. Curcuma Orange (curcuma, épices, mélange de thé aux fruits) 10e piment doux (mélange d'herbes et d'épices)¹ 11. Sweet Chai (mélange de thés aux épices)¹ 12. Gingembre orange et vanille (mélange de thé aux herbes, aux épices et aux fruits)¹ 13. Himalaya (mélange de thé aux épices) 14. Après le repas (mélange de tisanes et d'épices) 15. Gingembre (mélange de thé au gingembre, aux herbes et aux épices) 16. Calme (mélange de tisanes et d'épices) 17. Chocolat (mélange de thé aux épices) 18. Black Chai (mélange de thé épicé et de thé noir) 19. Rooibos (mélange de thé au redbush et aux épices) 20. Harmonie intérieure (mélange de tisanes et d'épices) 21. Maca Chai (mélange de thé aux épices avec maca)¹ 22. Soirée (mélange de tisanes et d'épices) 23. Réchauffeur de gorge (mélange de tisanes et d'épices)¹",https://www.pharmacie-cap3000.com/167844-thickbox_default/yogi-tea-calendrier-de-l-avent-2024.jpg|https://www.pharmacie-cap3000.com/22444-home_default/pranarom-he-eucaly-ment-fl-10ml.jpg|https://www.pharmacie-cap3000.com/145193-home_default/biocyte-collagen-gummies-pot-45.jpg|https://www.pharmacie-cap3000.com/155537-home_default/eafit-pure-whey-gout-myrtilles-poudre-750-g.jpg|https://www.pharmacie-cap3000.com/163856-home_default/aragan-biotic-baby-14-jours.jpg|https://www.pharmacie-cap3000.com/153873-home_default/yogi-tea-himalaya-sach-17.jpg
4012824723641,Dr. Oetker Pizza Ristorante,Dr. Oetker,"Adventskalender Design ""Schlittenfahrt"" | Yogi Tea",https://yogi-life.com/de-DE/product/adventskalender-design-schlittenfahrt-4012824723641,Unser Adventskalender mit seinem liebevollen Design ist das ideale Geschenk für eine besinnliche Adventszeit mit vielen genussvollen Überraschungen!,"https://us-east-1-shared-usea1-02.graphassets.com/A2lCPH6tTelhrsostvMQpz/auto_image/resize=fit:max,width:3840/quality=value:75/cmeivdr252msy07lfvh0zg9yu",1,0.6,,,,,"Popup, um Ihren Standort zu überprüfen",/_next/image?url=%2Fassets%2Fpdp-sustainability-background.png&w=3840&q=75|/_next/image?url=%2Fassets%2Fpdp-sustainability-midground.png&w=3840&q=75|/_next/image?url=%2Fassets%2Fpdp-sustainability-foreground.png&w=3840&q=75
4012824723641,Dr. Oetker Pizza Ristorante,Dr. Oetker,Yogi tea Kerst Adventskalender 2024 24 stuks | Plein.nl,https://www.plein.nl/yogi-tea-christmas-calendar-2024-24-stuks,Niet van toepassing. Fabrikant informatie. Merk: Yogi tea; Ean: 4012824723641; Artikel: 1098-920; Fabrikant gegevens: YOGI TEA GmbH ... Dit product bevat het ...,https://prod.cdn.plein.nl/producten/300x300/1098920.jpg,1,0.8,Yogi tea Kerst Adventskalender 2024 24 stuks,"11,99",folder,,"Omschrijving Yogi Tea Kerst Adventskalender Yogi Tea Kerst Adventskalender is een feestelijke variëteit van 24 zorgvuldig geselecteerde theesoorten voor een serene Adventstijd met YOGI TEA. Een uitklapbare kalender in een handige geschenkverpakking. 24 theesoorten voor 24 dagen vol voorpret naar Kerstmis, met 24 inspirerende wijsheden achter elk deurtje en in elk theezakje. Ideaal als cadeau en voor liefhebbers van YOGI TEA. Uitklapbare kalender in een handige geschenkverpakking 24 theesoorten voor 24 dagen vol voorpret naar Kerstmis Met 24 inspirerende wijsheden achter elk deurtje en in elk theezakje Ideaal als cadeau en voor liefhebbers van YOGI TEA","data:,"
8711000429969,Heineken Beer 24x33cl,Heineken,"Kapsułki aluminiowe L'OR India Espresso, intensywność 10 - 10 ...",https://sklepjacobs.pl/produkt/kapsulki-aluminiowe-l-or-india-espresso-intensywnosc-10-10-sztuk-kompatybilne-z-ekspresami-nespresso/,"Kapsułki aluminiowe L'OR India Espresso, intensywność 10 – 10 sztuk, do ekspresów Nespresso® Original*. EAN: 8711000429969. Ikonka samochodu. Przy zamówieniu ...",https://sklepjacobs.pl/wp-content/uploads/2025/09/1668.jpg,1,0.8,"Kapsułki aluminiowe L’OR India Espresso, intensywność 10 – 10 sztuk, do ekspresów Nespresso® Original*","19,99 zł",,teczniej,"Wyśmienita kawa w aluminiowych kapsułkach Intensywność: 10 Polecana wielkość kawy: 25ml lub 40ml 10 kapsułek w opakowaniu *Znak towarowy innego podmiotu, niepowiązanego z JACOBS DOUWE EGBERTS",https://sklepjacobs.pl/wp-content/themes/sklepjacobs/assets/old-img/product-pages/lor/pack/lor-origins-india.png
4012824723641,Dr. Oetker Pizza Ristorante,Dr. Oetker,"Yogi Tea Organic Tea Christmas Calendar 46,4 g at Violey",https://www.violey.com/en/yogi-tea-organic-tea-christmas-calendar_p_41931.html,"Buy at low price: Yogi Tea Organic Tea Christmas Calendar 46,4 g. Choose from over 22000 organic and natural products. Fast dispatch.",https://www.violey.com/images/produkte/500x500sc/4012824723641.jpg?v=1728569396,1,0.0,"Yogi Tea Organic Tea Christmas Calendar, 46,4 g: Unit: 46,4 g",": Price: EUR 10,39",Allos,with,"Yogi Tea Organic Tea Christmas Calendar. 24 tea bags. Enjoy a blend of herbal, spice and fruit teas. The calendar in a Christmas design for the pre-Christmas season.",images/produkte/500x500sc/4012824723641.jpg?v=1728569396
8711000429969,Heineken Beer 24x33cl,Heineken,L'OR Espresso Origin India Nespresso Uyumlu Alüminyum Kapsül ...,https://www.trendyol.com/l-or/espresso-origin-india-nespresso-uyumlu-aluminyum-kapsul-kahve-10-lu-p-779879602,Sizin Seçtikleriniz. https://cdn.dsmcdn.com/web/production/product-.,https://cdn.dsmcdn.com/ty1596/prod/QC/20241107/10/781dc876-35e5-3012-a95a-a357b6b65d43/1_org_zoom.jpg,1,0.0,L'OR Espresso Origin India Nespresso Uyumlu Alüminyum Kapsül Kahve 10'lu,"217,98 TL",L'OR,,"Bu ürün L'OR tarafından gönderilecektir. Kampanya fiyatından satılmak üzere 100 adetten fazla stok sunulmuştur. İncelemiş olduğunuz ürünün satış fiyatını satıcı belirlemektedir. Bir ürün, birden fazla satıcı tarafından satılabilir. Birden fazla satıcı tarafından satışa sunulan ürünlerin satıcıları ürün için belirledikleri fiyata, satıcı puanlarına, teslimat statülerine, ürünlerdeki promosyonlara, kargonun bedava olup olmamasına ve ürünlerin hızlı teslimat ile teslim edilip edilememesine, ürünlerin stok ve kategorileri bilgilerine göre sıralanmaktadır. ...",https://cdn.dsmcdn.com/mnresize/620/920/ty1596/prod/QC/20241107/10/781dc876-35e5-3012-a95a-a357b6b65d43/1_org_zoom.jpg|https://cdn.dsmcdn.com/mnresize/620/920/ty1597/prod/QC/20241107/10/cb913814-9e6f-376c-96f8-c8bab3dd57a7/1_org_zoom.jpg|https://cdn.dsmcdn.com/mnresize/620/920/ty1598/prod/QC/20241107/10/ce055f7c-1408-3b50-95a7-a130e777e258/1_org_zoom.jpg|https://cdn.dsmcdn.com/mnresize/620/920/ty1596/prod/QC/20241107/10/31101914-d0c4-346e-8f6e-74bb785af83c/1_org_zoom.jpg|https://cdn.dsmcdn.com/ty1596/prod/QC/20241107/10/781dc876-35e5-3012-a95a-a357b6b65d43/1_org_zoom.jpg
8711000429969,Heineken Beer 24x33cl,Heineken,Grossiste Lor Espresso India 52g Bio,https://www.miamland.com/produit/26354/achetez-lor-espresso-india-52g-bio,Achat en gros de nos Lor Espresso India 52g Bio (8711000429969) en livraison en France et à l'import/export par conteneur.Grossiste en ligne Miamland.com.,https://www.miamland.com/bundles/miamland/images/visuel/8711000429969.webp,1,0.8,Grossiste Lor Espresso India 52g Bio,Grossiste alimentaire,,,Caractéristiques,/bundles/miamland/flags/fr.svg
8711000429969,Heineken Beer 24x33cl,Heineken,L'OR India kaffekapsler | BilkaToGo,https://www.bilkatogo.dk/produkt/lor-india-kaffekapsler/81831/,8711000429969. Artikel. 91375141. PID. 81831. Specifikationer. Maksimal temperatur opbevaring. 25 c. Minimumstemperatur opbevaring. 16 c. Antal kapsler i pakken.,"https://digitalassets.sallinggroup.com/image/upload/e_trim:2,e_sharpen:80,q_auto,f_auto,b_white,w_500,h_500,c_pad/c10bbbebc74dfd948ba6e05e8d59fdd6|/produkt/lor-india-kaffekapsler/81831/",2,0.8,India kaffekapsler,Skarp pris,powered by: Cookie Information,,"Nødvendige cookies hjælper med at gøre en hjemmeside brugbar ved at aktivere grundlæggende funktioner, såsom side-navigation og adgang til sikre områder af hjemmesiden. Hjemmesiden kan ikke fungere optimalt uden disse cookies.",
4012824723641,Dr. Oetker Pizza Ristorante,Dr. Oetker,"Calendrier de L'avent Design ""Promenade en traîneau"" | Yogi Tea",https://yogi-life.com/fr-FR/product/calendrier-de-lavent-design-promenade-en-traineau-4012824723641,Notre calendrier de l'Avent 2024 au design affectueux est le cadeau idéal pour une période de l'Avent contemplative et remplie de nombreuses surprises ...,"https://us-east-1-shared-usea1-02.graphassets.com/A2lCPH6tTelhrsostvMQpz/auto_image/resize=fit:max,width:3840/quality=value:75/cma1s2dzexzrz07lao1hjx5ex",1,0.6,,,,,Popup utilisé pour vérifier votre emplacement,/_next/image?url=%2Fassets%2Fpdp-sustainability-background.png&w=3840&q=75|/_next/image?url=%2Fassets%2Fpdp-sustainability-midground.png&w=3840&q=75|/_next/image?url=%2Fassets%2Fpdp-sustainability-foreground.png&w=3840&q=75
4012824723641,Dr. Oetker Pizza Ristorante,Dr. Oetker,Yogi Tea Christmas Calender Bio (1 stuk) - KoopjesDrogisterij,https://www.koopjesdrogisterij.nl/yogi-tea-christmas-calender-2024-bio-1st-285518.html,4012824723641. Inhoud 1 stuk. Stel een vraag over dit product. Specifieke vragen over de werking of inhoud van dit product? Stel uw vragen via drogist ...,https://www.koopjesdrogisterij.nl/wp-content/uploads/2025/09/285518_1_L_jpg.webp|https://www.koopjesdrogisterij.nl/wp-content/uploads/2025/09/285518_1_L.jpg,2,0.8,Yogi Tea Christmas Calender Bio (1 stuk),"€ 8,99",,285518,"Op voorraad Op werkdagen voor 18:00 besteld, morgen in huis € 8,99 € 8,25 excl. btw Adviesprijs € 11,99 -25% 1 2 In winkelmand Toevoegen aan verlanglijst Verwijderen uit verlanglijst Daarom KoopjesDrogisterij.nl De voordeligste online drogist 14 dagen om te retourneren 4,6/5 sterren uit 10.000+ reviews Discreet verpakt","data:image/svg+xml,%3Csvg%20xmlns='http://www.w3.org/2000/svg'%20viewBox='0%200%201%201'%3E%3C/svg%3E|data:image/svg+xml,%3Csvg%20xmlns='http://www.w3.org/2000/svg'%20viewBox='0%200%200%200'%3E%3C/svg%3E"
4012824723641,Dr. Oetker Pizza Ristorante,Dr. Oetker,Christmas Advent Calendar 2024 – HELLO. urban jungle & store,https://www.hello-store.nl/product/christmas-advent-calendar-2024/,"Leuke uitvouwbare advent kalender van Yogi Tea met 24 theetjes daarin, elk achter zijn eigen deurtje. Perfect cadeau voor de tea lover, of natuurlijk gewoon ...",https://www.hello-store.nl/wp-content/uploads/2024/11/Yogi-Tea-Advent-Calendar-2024-2.jpg,1,0.0,Christmas Advent Calendar 2024,"€ 11,95",Yogi Tea,,"Christmas Advent Calendar 2024 Yogi Tea € 11,95 Leuke uitvouwbare advent kalender van Yogi Tea met 24 theetjes daarin, elk achter zijn eigen deurtje. Perfect cadeau voor de tea lover, of natuurlijk gewoon lekker voor jezelf! Toevoegen aan wishlist Dit artikel is helaas uitverkocht Artikelnummer: 4012824723641 Categorieën: Kerst, Thee Tags: favoriet, Kerst Merk: Yogi Tea",
8711000429969,Heineken Beer 24x33cl,Heineken,Köp L'OR Kaffekapsel Espresso India 10-pack på delitea.se,https://www.delitea.se/lor-kaffekapsel-espresso-india-10-pack,... Trustvoice. Produktfakta. EAN: 8711000429969; Varumärke: L'OR; Kategori: Kaffe & Te > Kaffekapslar; Bäst före-datum: 2026-10-07; Klassificering: Livsmedel ...,https://media.delitea.se/product-images/L/lor-kaffekapsel-espresso-india-10-pack-1.jpg,1,0.8,L'OR Kaffekapsel Espresso India 10-pack,42 kr,Välj varumärke,,"Lätta kryddor som mjuk muskot och kryddnejlika kontrasteras av söta, krämiga noter. En resa från den mjuka starten till en glittrande finish som fångar alla hörn av det livfulla, mystiska Indien. Blandad av L'OR Coffee Artists. L'OR kaffekapslar i aluminium är kompatibla med Nespresso®* kaffemaskiner. L'OR kaffekapslar av aluminium är återvinningsbara, sortera dem tillsammans med aluminiumavfall. Intensitet 11 Koppstorlek: Espresso Söt, kryddig & balanserad",/content/images/delitea_black.svg
